"number_of_properties";"property_id";"buyer_id"
1;301;101
2;302;105
1;303;110
3;304;115
1;305;120
2;306;125
1;307;130
3;308;135
1;309;140
2;310;145
1;311;150
2;312;155
1;313;160
1;314;165
3;315;170
1;316;175
2;317;180
1;318;185
1;319;190
2;320;195
