"buyer_id";"buyer_agent_id";"percent"
101;102;5
105;106;6
110;109;4
115;112;7
120;116;3
125;119;6
130;122;5
135;126;4
140;129;6
145;132;7
150;136;5
155;139;6
160;142;4
165;146;5
170;149;7
175;152;6
180;156;4
185;159;5
190;162;3
195;166;7
